node_id,legacy_id,layer,workstream,kind,formal_state,physics_role,module,declaration,statement,assumptions,dependencies,proof_strategy,mathlib_support,mathlib_gap,effort,risk,gate,stop_condition,notes
AUD-001,,0,Audit,AUDIT,READY_TO_RUN,ENGINEERING,PhysicsSM.NullStrand.Audit.Build,repository_build_is_green,The pinned repository builds from a clean checkout.,Pinned Lean and mathlib revisions,,Run lake build in clean CI; record toolchain hashes.,Lake/Lean CI,none,S,low,G0,Build fails or toolchain is not reproducible.,This is the first gate; all REPORTED_EXISTING nodes remain unverified until it passes.
AUD-002,,0,Audit,AUDIT,READY_TO_RUN,ENGINEERING,PhysicsSM.NullStrand.Audit.Inventory,reported_bank_is_verified,Every theorem claimed as banked is imported and #checked by one audit module.,AUD-001,AUD-001,Generate an import-only audit file with #check declarations and compile it.,#check; import graph,none,S,low,G0,"Any named declaration is absent, renamed, or convention-incompatible.",Separates user-reported banked results from locally verified results.
AUD-003,,0,Audit,NO_GO,READY_TO_RUN,ENGINEERING,PhysicsSM.NullStrand.Audit.Axioms,public_capstones_have_no_unapproved_axioms,Public capstones contain no sorry/admit and depend only on an approved axiom whitelist.,AUD-001,AUD-001,Scan sources; add #print axioms checks for capstones; fail CI on forbidden tokens.,#print axioms; repository scripts,small script,S,low,G0,A public theorem depends on an undeclared axiom or sorry.,"Classical choice may be allowed; physics assumptions must be named structures, not axioms."
DEF-001,NS00,0,Conventions,DEFINITION,REPORTED_EXISTING,KINEMATIC,PhysicsSM.NullStrand.Conventions,MinkowskiConventions,"One canonical (+---) convention package for Minkowski vectors, Pauli maps, adjoints, and natural units.",AUD-002,AUD-002,Wrap existing definitions; prove conversion lemmas; deprecate duplicates.,Matrix; Complex; finite-dimensional linear algebra,possible API reconciliation,M,medium,G0,Two trusted modules require incompatible signatures or normalizations.,Do not redefine existing project types unless reconciliation is impossible.
DEF-002,,0,Conventions,DEFINITION,STATEMENT_DESIGNED,KINEMATIC,PhysicsSM.NullStrand.Lorentz4,ProperOrthoChronousLorentz,Linear equivalences preserving the Minkowski form and future orientation.,DEF-001,DEF-001,Define as a linear equivalence plus form-preservation and future-cone preservation fields.,LinearEquiv; bilinear forms,time-orientation API likely custom,M,medium,G1,The definition cannot compose cleanly or act on all later fibers.,Avoid committing to a full Lie-group manifold in the finite spine.
DEF-003,,0,Conventions,NO_GO,STATEMENT_DESIGNED,ENGINEERING,PhysicsSM.NullStrand.Conventions,representation_firewall,"Pluecker scalars, Hermitian momenta, self-dual curvature spinors, and spacetime bivectors remain distinct types.",DEF-001,DEF-001,Use separate namespaces/types; provide only explicit equivalences and coercions.,AlternatingMap; Matrix; TensorProduct,none,S,low,G0,A theorem silently coerces between inequivalent representations.,This is an API rule enforced by review rather than one mathematical theorem.
KIN-001,NS01,1,NullFiber,THEOREM,READY_TO_PROVE,KINEMATIC,PhysicsSM.NullStrand.NullFiber.Basic,nullFiber_equiv_restSphere,"For unit future-timelike U, normalized future-null k are equivalent to unit spacelike xi orthogonal to U via k=U+xi.",DEF-001,DEF-001,Expand Minkowski squares and inner products in both directions.,Linear algebra; ring_nf,none,S,low,G1,Future-directedness of U+xi cannot be proved from the chosen predicates.,Split algebraic nullity from strict future-directedness if needed.
KIN-002,NS02,1,FiniteDesign,DEFINITION,READY_TO_PROVE,KINEMATIC,PhysicsSM.NullStrand.NullFiber.FiniteDesign,octahedralRestDesign,"The six rest-space directions ±e1, ±e2, ±e3 with uniform weights.",DEF-001,DEF-001,Define by Fin 6 table in the standard rest frame.,Fin; Matrix; EuclideanSpace,none,S,low,G1,Coordinate definitions create excessive simplification cost.,Use rational coordinates and dedicated simp lemmas.
KIN-003,NS02,1,FiniteDesign,THEOREM,READY_TO_PROVE,KINEMATIC,PhysicsSM.NullStrand.NullFiber.FiniteDesign,octaNull_mean_eq_timelike,The octahedral null fan has mean U and isotropic second moment in the rest frame.,U is the standard rest vector,KIN-001;KIN-002,Finite sum normalization; symmetry cancellation; direct coordinates.,Finset sums; norm_num,none,S,low,G1,Normalization or factor 1/3 disagrees with conventions.,Add tetrahedral design only after this exact rational pilot is stable.
DEF-004,,1,BarycentricResolution,DEFINITION,STATEMENT_DESIGNED,KINEMATIC,PhysicsSM.NullStrand.NullFiber.Barycentric,FiniteNullResolution,A finite probability law on normalized future-null vectors with prescribed barycenter U.,[Fintype Omega]; PMF Omega; U unit future timelike,KIN-001,"Use PMF rather than raw real weights; store nullity, normalization, and barycenter proofs.",ProbabilityMassFunction,none,S,low,G1,PMF API makes vector expectation cumbersome.,"A raw-weight wrapper may exist privately, but public APIs should use probability objects."
KIN-004,,1,BarycentricResolution,THEOREM,READY_TO_PROVE,KINEMATIC,PhysicsSM.NullStrand.NullFiber.Barycentric,octahedral_isFiniteNullResolution,The octahedral design instantiates FiniteNullResolution for the rest vector.,KIN-003,KIN-003;DEF-004,Package existing moment and nullity lemmas.,PMF finite integrals,none,S,low,G1,Packaging exposes a convention mismatch.,
DEF-005,,1,BarycentricMeasure,DEFINITION,STATEMENT_DESIGNED,KINEMATIC,PhysicsSM.NullStrand.NullFiber.BarycentricMeasure,NullBarycentricMeasure,A probability measure on NullFiber U whose Bochner first moment is U.,U unit future timelike,KIN-001,"Store probability, integrability, and barycenter fields.",Measure; Bochner integral,subtype/vector integration details,M,medium,G2,The identity map on the subtype is awkward to integrate.,This abstraction lets all flux theorems avoid depending on the sphere construction.
KIN-005,NS06,1,FluxFinite,DEFINITION,READY_TO_PROVE,KINEMATIC,PhysicsSM.NullStrand.NullFiber.FluxFinite,finiteFluxLaw,Observer flux-reweights a finite null resolution by (n·k)/(n·U).,n and U unit future timelike; positive inner products,DEF-004,Define a PMF after proving nonnegativity and total mass one.,PMF; finite sums,none,M,low,G1,Strict positivity lemmas for future causal vectors are missing.,Prove cone inner-product lemmas once in Lorentz4.
KIN-006,NS07,1,FluxFinite,THEOREM,READY_TO_PROVE,KINEMATIC,PhysicsSM.NullStrand.NullFiber.FluxFinite,finiteFluxDirectionMean_eq_relativeVelocity,The flux-weighted mean observer direction equals U/(n·U)-n.,FiniteNullResolution U,KIN-005,Cancel the flux denominator using the barycenter field; no coordinate integration.,Finset linearity,none,S,low,G1,Observer direction normalization conventions differ.,This is the key flux theorem and should precede continuum measure work.
KIN-007,NS08,1,FluxFinite,THEOREM,READY_TO_PROVE,KINEMATIC,PhysicsSM.NullStrand.NullFiber.FluxFinite,finiteFluxDirectionVariance_eq_invGammaSq,The flux variance of unit directions is 1/(n·U)^2.,KIN-006; every observer direction has norm one,KIN-006,Use E||omega-beta||^2 = E||omega||^2-||E omega||^2.,Inner product identities; finite expectation,none,S,low,G1,Rest-space norm is not aligned with Minkowski conventions.,
KIN-008,NS08,1,MassRatio,THEOREM,READY_TO_PROVE,INTERPRETATION,PhysicsSM.NullStrand.NullFiber.MassRatio,finiteFluxVariance_eq_massRatioSq,"For p=mU and E=n·p, flux variance equals m^2/E^2 and matches the normalized visible determinant.",m>0; banked observer-channel determinant theorem,KIN-007;AUD-002,Algebraic substitution; compose with existing determinant wrapper.,Field_simp; existing Pluecker/observer modules,possible theorem-name reconciliation,S,medium,G1,Energy normalization in the banked theorem differs by a factor of two.,Record exact trace-versus-energy convention in the theorem name/docstring.
KIN-009,NS28,1,ClockKinematics,THEOREM,READY_TO_PROVE,INTERPRETATION,PhysicsSM.NullStrand.Clock.StrandParameterFinite,finiteFluxMean_dsdt_eq_invGamma,"Under flux weighting, E[1/(n·k)] = 1/(n·U).",FiniteNullResolution U,KIN-005,"The flux factor cancels pointwise, leaving total intrinsic weight.",Finite expectation,none,S,low,G1,A zero denominator is possible under weak future predicates.,Keep expectation theorem separate from pathwise clock convergence.
KIN-010,NS09,1,RegulatorNoGo,NO_GO,READY_TO_PROVE,KINEMATIC,PhysicsSM.NullStrand.NullFiber.RegulatorNoGo,uniformComponent_bounds_meanNorm,A probability law with an epsilon uniform component has mean norm at most 1-epsilon.,Directions have unit norm and uniform component has zero mean,DEF-004,Convex decomposition and triangle inequality.,Normed-space convexity,none,S,low,G1,None; this is a robust guardrail.,Formalize finite support first; general measure version is optional.
KIN-011,,1,BoundaryNoGo,NO_GO,STATEMENT_DESIGNED,KINEMATIC,PhysicsSM.NullStrand.NullFiber.RegulatorNoGo,meanNorm_eq_one_implies_support_collinear,A unit-sphere probability law with mean norm one is concentrated on one direction.,Finite support initially,KIN-010,Equality case of triangle inequality/strict convexity.,Strict convexity; finite sums,equality-case lemmas may be custom,M,medium,G1,Equality characterization becomes disproportionately hard.,A weaker pairwise-equality theorem is acceptable for Gate G1.
MEA-001,NS03,2,IntrinsicMeasure,EXPERIMENT,READY_TO_RUN,ENGINEERING,PhysicsSM.NullStrand.NullFiber.MeasureSpike,sphere_measure_api_spike,A compiling spike constructs normalized measure on S^2 and proves antipodal symmetry and coordinate integrability.,Current mathlib revision,AUD-001,Write a minimal isolated file before designing the public API.,Sphere manifold; Haar/volume measure; Bochner integral,exact normalized-sphere API discovery,S,medium,G2,The required normalized measure or symmetry API is absent.,"If blocked, use a compact-group quotient or explicit spherical-coordinate measure as a fallback."
MEA-002,NS03,2,IntrinsicMeasure,THEOREM,BLOCKED_ON_SPIKE,KINEMATIC,PhysicsSM.NullStrand.NullFiber.IntrinsicMeasure,intrinsicNullMeasure_isProbability,The pushforward of normalized rest-sphere measure is a probability measure on NullFiber U.,MEA-001; KIN-001,MEA-001;KIN-001,Pushforward probability under measurable equivalence.,Measure.map; IsProbabilityMeasure,rest-space measurable equivalence,M,medium,G2,The abstract rest-space sphere is too expensive to instantiate.,"Fallback: define first in standard rest frame, then transport by a chosen Lorentz map."
MEA-003,NS04,2,IntrinsicMeasure,THEOREM,BLOCKED_ON_SPIKE,KINEMATIC,PhysicsSM.NullStrand.NullFiber.IntrinsicMeasure,intrinsicNullMeasure_firstMoment,The intrinsic null measure has first moment U.,MEA-002,MEA-002,Reduce to zero mean of the rest-sphere coordinate map by antipodal symmetry.,Bochner integral; measure-preserving antipodal map,vector integral symmetry lemmas,L,medium,G2,Antipodal symmetry does not simplify the vector integral cleanly.,Prove a reusable odd-integral-over-symmetric-measure lemma.
MEA-004,NS05,2,IntrinsicMeasure,THEOREM,BLOCKED_ON_MODEL,KINEMATIC,PhysicsSM.NullStrand.NullFiber.IntrinsicMeasure,intrinsicNullMeasure_lorentzCovariant,Proper orthochronous Lorentz maps push intrinsic measure at U to intrinsic measure at Lambda U.,DEF-002; MEA-002,DEF-002;MEA-002,Show Lorentz maps intertwine rest-sphere constructions and preserve normalized measure.,Measure.map; linear isometries; Haar uniqueness,Lorentz/rest-space measure transport,XL,high,G2,The chosen intrinsic measure construction is not canonical enough for covariance.,Not on the Gate G1 critical path.
MEA-005,NS06,2,FluxMeasure,THEOREM,STATEMENT_DESIGNED,KINEMATIC,PhysicsSM.NullStrand.NullFiber.FluxMeasure,fluxMeasure_isProbability,Flux reweighting of any NullBarycentricMeasure is a probability measure.,DEF-005,DEF-005,Use withDensity and the barycenter identity.,Measure.withDensity; Bochner integral,RN-density normalization details,M,medium,G2,ENNReal/Real coercions dominate the proof.,"Prove a generic reweighting lemma once, then instantiate."
MEA-006,NS07,2,FluxMeasure,THEOREM,STATEMENT_DESIGNED,KINEMATIC,PhysicsSM.NullStrand.NullFiber.FluxMeasure,fluxDirectionMean_eq_relativeVelocity,The continuum flux-weighted direction mean equals the observer relative velocity.,DEF-005; MEA-005,MEA-005,Mirror KIN-006 with integral linearity.,Bochner integral; withDensity integral,integrability bookkeeping,M,medium,G2,Observer-direction map fails at a null set due to denominator formulation.,Use positivity of n·k on future null support.
MEA-007,NS08,2,FluxMeasure,THEOREM,STATEMENT_DESIGNED,INTERPRETATION,PhysicsSM.NullStrand.NullFiber.FluxMeasure,fluxDirectionVariance_eq_massRatioSq,Continuum flux variance equals m^2/E^2.,MEA-006,MEA-006,Integral version of KIN-007 and KIN-008.,Bochner integral; variance,none beyond MEA-006,S,low,G2,None once MEA-006 is complete.,
MEA-008,,2,ExplicitKernel,THEOREM,DEFERRED,KINEMATIC,PhysicsSM.NullStrand.NullFiber.ExplicitKernel,fluxMeasure_lab_density,In a laboratory frame the flux density is (1-beta^2)^2/[4pi(1-beta·omega)^3].,MEA-004; coordinate chart,MEA-004;MEA-005,Compute Radon-Nikodym derivative under aberration; verify normalization by invariant theorem.,Multivariable calculus; sphere coordinates,substantial coordinate integration,L,high,G2,Coordinate proof consumes effort without unlocking later theorems.,"Treat as a validation theorem, not a dependency of the invariant construction."
DEF-006,,1,FiniteProbability,DEFINITION,STATEMENT_DESIGNED,DYNAMICS,PhysicsSM.NullStrand.Probability.FiniteKernel,FiniteKernel,A finite-state discrete-time kernel alpha -> PMF beta with composition and pushforward.,[Fintype alpha] [Fintype beta],AUD-001,Use functions into PMF and define bind-based composition.,PMF Monad,none,S,low,G1,Existing project already has an incompatible stochastic-matrix API.,Provide equivalence to matrices only when needed for linear algebra.
DEF-007,,1,FiniteProbability,DEFINITION,STATEMENT_DESIGNED,DYNAMICS,PhysicsSM.NullStrand.Probability.JumpGenerator,FiniteJumpGenerator,A continuous-time finite jump generator with nonnegative off-diagonal rates and zero row sums.,[Fintype alpha],AUD-001,Use a rate matrix plus structural proofs; fix row/column convention in module docstring.,Matrix; Finset,none,S,low,G1,Sign convention drifts between Bell current and master equation.,Add a one-page convention test with a two-state example.
STO-001,,1,FiniteProbability,THEOREM,READY_TO_PROVE,DYNAMICS,PhysicsSM.NullStrand.Probability.FiniteKernel,pushforward_comp,Pushing a PMF through composed finite kernels equals successive pushforwards.,DEF-006,DEF-006,Monad laws / finite sums.,PMF.bind,none,S,low,G1,None.,Core reusable lemma for all discrete-time equivariance proofs.
STO-002,,1,FiniteProbability,THEOREM,READY_TO_PROVE,DYNAMICS,PhysicsSM.NullStrand.Probability.JumpGenerator,masterEquation_mass_conserved,A finite jump generator preserves total probability under the forward equation.,DEF-007,DEF-007,Swap finite sums and use row-sum zero.,Matrix; Finset.sum_comm,none,S,low,G1,Row/column convention error.,
ZZ-001,NS10;NS11,1,ChiralCurrent,THEOREM,READY_TO_PROVE,KINEMATIC,PhysicsSM.NullStrand.ZigZag.ChiralCurrent,weylCurrent_futureCausal_null,A Weyl two-spinor current is future causal and null; it is strictly future-directed when the spinor is nonzero.,DEF-001,DEF-001,Use the Pauli/Bloch norm identity; split zero and nonzero cases.,Complex inner product; banked spin-coherent lemmas,possible import reconciliation,S,low,G1,Current normalization differs from banked projector theorem.,Prefer one theorem parametrized by chirality sign plus right/left wrappers.
DEF-008,,1,ChiralTransfer,DEFINITION,STATEMENT_DESIGNED,DYNAMICS,PhysicsSM.NullStrand.ZigZag.TransferCurrent,TwoSectorContinuity,"Abstract two-sector densities, currents, and signed transfer F satisfying opposite continuity equations.",A chosen discrete or continuous base space,DEF-007,Separate local algebra from PDE/discrete divergence implementation.,Structures; no analysis required,none,S,low,G1,The abstraction is too PDE-specific to reuse for lattice coins.,Provide discrete-time and continuous-time adapters.
ZZ-002,NS13,1,MinimalRates,THEOREM,READY_TO_PROVE,DYNAMICS,PhysicsSM.NullStrand.ZigZag.MinimalRates,minimalRates_netTransfer,Positive-part rates reproduce the signed transfer current exactly.,Nonnegative source densities; zero-density compatibility,DEF-008,Case split on sign of F; safe division lemmas.,Real positive part,none,S,low,G1,Zero-density division is left implicit.,Add explicit source-zero lemmas before defining rates.
ZZ-003,,1,MinimalRates,NO_GO,READY_TO_PROVE,DYNAMICS,PhysicsSM.NullStrand.ZigZag.MinimalRates,transfer_zero_of_sourceDensity_zero,"For a positive density derived from amplitudes, signed probability flow out of a zero-density source is zero.",Transfer current is a bilinear amplitude expression,ZZ-001,Use Cauchy-Schwarz or amplitude vanishing.,Complex inner product,depends on concrete transfer formula,M,medium,G1,Abstract continuity data do not imply the claim.,"Keep this as an instantiation theorem, not a field of the abstract interface unless explicitly assumed."
ZZ-004,NS12,2,DiracPDE,CONDITIONAL_THEOREM,BLOCKED_ON_MODEL,DYNAMICS,PhysicsSM.NullStrand.ZigZag.DiracContinuity,dirac_massTransfer_eq_two_m_im_inner,The Weyl form of the Dirac equation gives opposite chiral transfer F=2m Im(phi_R†phi_L).,Differentiable Dirac solution; fixed conventions,DEF-001;ZZ-001,Formalize product-rule continuity calculation after a PDE solution interface exists.,Calculus; complex inner products,Dirac PDE and differential-operator API,XL,high,G2,PDE formalization swamps the Bohmian project.,An abstract theorem assuming the Weyl equations is sufficient before constructing solution spaces.
ZZ-005,,1,TwoStateCoupling,THEOREM,READY_TO_PROVE,DYNAMICS,PhysicsSM.NullStrand.ZigZag.TwoStateCoupling,minimalTwoStateCoupling_unique,"For two probability vectors on {L,R}, the minimum off-diagonal transport coupling is unique and explicit.",Equal total mass,DEF-006,Two-case proof using Delta=pR_prime-pR.,Fin 2; PMF,none,S,low,G1,None.,This reusable lemma should drive the checkerboard coin beable.
ZZ-006,NS17,1,LatticeBeable,THEOREM,READY_TO_PROVE,DYNAMICS,PhysicsSM.NullStrand.ZigZag.LatticeBeable,coinBornTransport_isKernel,The minimal two-state coupling defines a valid hidden transition kernel through the local coin.,Unitary two-component coin,ZZ-005;AUD-002,Use norm preservation to establish equal total Born weight.,PMF; banked checkerboard norm theorem,existing coin API reconciliation,S,medium,G1,Banked coin convention differs from the proposed update order.,
ZZ-007,NS18,1,LatticeBeable,THEOREM,READY_TO_PROVE,EQUIVARIANCE,PhysicsSM.NullStrand.ZigZag.LatticeBeable,latticeBeable_oneStep_equivariant,Coin hidden update followed by conditional shift pushes the actual distribution to the next Born distribution.,ZZ-006; checkerboard wave recursion,ZZ-006;STO-001;AUD-002,Compose target-marginal theorem with deterministic shift.,PMF; deterministic kernel,none,M,low,G1,Position/index shifts are represented inconsistently.,Prove an n-step corollary by induction only after one-step theorem is clean.
ZZ-008,NS19,1,LatticeBeable,THEOREM,READY_TO_PROVE,ONTOLOGY,PhysicsSM.NullStrand.ZigZag.LatticeBeable,actualShift_isNull,Every realized lattice spacetime increment has Minkowski square zero and speed c in lattice units.,a=c tau; natural units in core,DEF-001,Direct coordinate calculation.,Ring normalization,none,XS,low,G1,Unit restoration is mixed into the core theorem.,Keep core in c=1 and add a units wrapper later.
ZZ-009,,1,LatticeBeable,THEOREM,READY_TO_PROVE,EQUIVARIANCE,PhysicsSM.NullStrand.ZigZag.LatticeBeable,latticeBeable_nStep_equivariant,The hidden lattice process is Born-equivariant for every finite number of ticks.,ZZ-007,ZZ-007,Induction using STO-001.,Nat induction; kernel composition,none,S,low,G1,None.,
ZZ-010,,1,QuantumWalkDispersion,THEOREM,STATEMENT_DESIGNED,PHENOMENOLOGY,PhysicsSM.NullStrand.ZigZag.Dispersion,quantumWalk_quasienergy_relation,The 1+1 walk obeys cos(E tau)=cos(p tau)cos(m tau).,Specific Rz/Rx convention,AUD-002,Compute trace/determinant or eigenvalue characteristic polynomial.,Matrix 2x2; trigonometric identities,trig simplification,M,medium,G1,Different step ordering changes the formula.,Freeze the unitary order in the operator charter.
DEF-009,,1,FiniteNullLift,DEFINITION,STATEMENT_DESIGNED,DYNAMICS,PhysicsSM.NullStrand.NullLift.ExtendedLaw,ExtendedLaw,The joint law rho(z) pi_z(omega) over base state and hidden null direction.,Finite base and direction types,DEF-004;DEF-006,Define by PMF bind or normalized nonnegative weights.,PMF,none,S,low,G1,Conditional laws are not normalized at zero base mass.,Use PMF conditionals independent of rho so zero base mass is harmless.
LIFT-001,NS20,1,ResidualCurrent,THEOREM,READY_TO_PROVE,DYNAMICS,PhysicsSM.NullStrand.NullLift.ResidualCurrent,surplusDeficitCurrent_divergence_eq,Any finite zero-sum residual G admits an explicit antisymmetric current with divergence G.,Finite nonempty direction type; sum G=0,DEF-007,Use positive/negative parts and normalize by total surplus; handle zero residual separately.,Finset; Real positive part,none,M,low,G1,Division by zero in the zero-residual case.,Define current by if totalSurplus=0 then 0 else formula.
LIFT-002,,1,ResidualCurrent,THEOREM,READY_TO_PROVE,DYNAMICS,PhysicsSM.NullStrand.NullLift.ResidualCurrent,currentPositivePart_rates_masterEquation,Positive-part rates derived from an antisymmetric current reproduce its divergence.,Positive extended density; zero-density compatibility,LIFT-001;DEF-007,Finite Bell-current algebra.,Finset; safe division,none,M,low,G1,Current may leave a zero-density source.,Either prove compatibility from construction or include it as a named hypothesis.
LIFT-003,NS21,1,FiniteEquivariance,THEOREM,READY_TO_PROVE,EQUIVARIANCE,PhysicsSM.NullStrand.NullLift.FiniteEquivariance,finiteNullLift_forwardEquation,Base evolution plus angular residual rates preserve the prescribed extended law.,A differentiable finite base law satisfying its forward equation,DEF-009;LIFT-002,Expand derivative of rho*pi and cancel residual by the angular master equation.,Finite sums; elementary calculus,time-dependent finite functions,M,medium,G1,Discrete-time and continuous-time formulations are conflated.,Provide separate theorems for kernels and jump generators.
DEF-010,,1,LeastAction,DEFINITION,STATEMENT_DESIGNED,DYNAMICS,PhysicsSM.NullStrand.NullLift.LeastActionMatrix,WeightedFlowProblem,"A finite incidence matrix B, positive conductances W, target density f, and zero-sum source G.",Connected finite direction graph,DEF-007,Use an oriented edge type and incidence matrix; fix gauge by zero-mean potentials.,Matrix; SimpleGraph optional,orientation/incidence API may be custom,M,medium,G1,Graph abstraction creates more overhead than matrix proof.,Prove matrix theorem first; add graph wrapper later.
LA-001,NS22,1,LeastAction,THEOREM,READY_TO_PROVE,DYNAMICS,PhysicsSM.NullStrand.NullLift.LeastActionMatrix,weightedLaplacian_kernel_eq_constants,"For a connected positive-weight graph, the weighted Laplacian kernel is exactly the constants.",DEF-010,DEF-010,Energy identity plus connectedness propagation.,Finite-dimensional inner product; graph connectivity,some graph-to-matrix glue,M,medium,G1,The chosen directed orientation obscures symmetric energy.,
LA-002,,1,LeastAction,THEOREM,READY_TO_PROVE,DYNAMICS,PhysicsSM.NullStrand.NullLift.LeastActionMatrix,zeroSum_source_in_laplacian_range,Every zero-sum source lies in the range of the connected weighted Laplacian.,LA-001,LA-001,Finite-dimensional orthogonal-complement/rank-nullity argument.,FiniteDimensional; orthogonal complement,none,M,medium,G1,Range/orthogonal-complement APIs are awkward.,Could solve by deleting one row/column and proving invertibility as fallback.
LA-003,NS23,1,LeastAction,THEOREM,READY_TO_PROVE,DYNAMICS,PhysicsSM.NullStrand.NullLift.LeastActionMatrix,minimumEnergyFlow_unique,The gradient flow solving the weighted Poisson equation uniquely minimizes kinetic energy among flows with divergence -G.,LA-002; positive conductances,LA-002,Complete the square or use orthogonal decomposition into gradient plus divergence-free flow.,Inner product projection; Lagrange multiplier finite algebra,none,L,medium,G1,The objective uses the wrong density/conductance weighting.,State the exact energy convention in the charter and test on a 3-node graph.
LA-004,,1,LeastAction,THEOREM,STATEMENT_DESIGNED,DYNAMICS,PhysicsSM.NullStrand.NullLift.LeastActionRates,minimumEnergyFlow_induces_equivariantRates,The minimum-energy antisymmetric flow induces valid jump rates preserving the target finite law.,LA-003; strictly positive target law,LA-003;LIFT-002,Take positive parts and divide by source density.,Finite generator,none,M,medium,G1,Target law has zeros.,Zero support should be removed or handled componentwise; do not hide it in division conventions.
TRAJ-001,,1,Trajectory,THEOREM,STATEMENT_DESIGNED,ONTOLOGY,PhysicsSM.NullStrand.Probability.Trajectory,finiteKernel_trajMeasure,A sequence of finite Markov kernels determines a probability measure on infinite trajectories.,Measurable finite state spaces; Markov kernels,DEF-006,Wrap mathlib Ionescu-Tulcea trajectory measure for finite kernels.,Probability.Kernel.IonescuTulcea.Traj,API adapter from PMF kernel,M,low,G1,The local FiniteKernel API does not coerce smoothly to measurable kernels.,This theorem makes “actual history” a genuine random variable rather than only a master equation.
ERG-001,NS25,1,IIDTrajectory,THEOREM,READY_TO_PROVE,ONTOLOGY,PhysicsSM.NullStrand.Ergodic.IIDNullSteps,iidNullSteps_empiricalMean_tendsto,"For i.i.d. integrable null increments with mean U, the empirical mean converges almost surely to U.",Banach-valued i.i.d. increments,KIN-004,Instantiate the existing Banach-valued strong law.,Probability.StrongLaw,none,M,low,G1,Measurability/integrability wrappers for finite-valued variables are verbose.,This is the first pathwise coarse-timelike theorem and should be on the critical path.
ERG-002,NS25,1,IIDTrajectory,THEOREM,READY_TO_PROVE,ONTOLOGY,PhysicsSM.NullStrand.Ergodic.IIDNullSteps,iidNullTrajectory_coarseVelocity_tendsto_timelike,Positions formed by summing i.i.d. null increments have asymptotic four-velocity U almost surely.,ERG-001,ERG-001,Rewrite displacement as partial sum of increments.,Strong law; Finset sums,none,S,low,G1,Indexing convention creates an off-by-one issue.,
ERG-003,,1,IIDTrajectory,THEOREM,READY_TO_PROVE,INTERPRETATION,PhysicsSM.NullStrand.Ergodic.IIDNullSteps,iidFluxTrajectory_coarseSpatialVelocity_tendsto,Observer-time unit-speed directions sampled from the finite flux law have empirical velocity beta.,KIN-006; iid samples,KIN-006;ERG-001,Apply strong law in the observer rest space.,Probability.StrongLaw,rest-space Banach instance,M,medium,G1,The rest-space subtype lacks convenient normed-space instances.,A coordinate version in R^3 is acceptable for the first endpoint.
ERG-004,,1,IIDTrajectory,THEOREM,READY_TO_PROVE,INTERPRETATION,PhysicsSM.NullStrand.Clock.IIDReadout,iidStrandClock_longRunRate,The empirical average of ds/dt converges almost surely to 1/(n·U).,KIN-009; iid flux samples,KIN-009;ERG-001,Apply scalar strong law to 1/(n·k).,Probability.StrongLaw,none,S,low,G1,Integrability fails if positivity assumptions are too weak.,
REF-001,NS24,1,RefreshChain,THEOREM,READY_TO_PROVE,DYNAMICS,PhysicsSM.NullStrand.Ergodic.RefreshChain,refreshKernel_invariant,P=(1-r)I+rPi preserves the target direction law.,0<=r<=1,DEF-006,Direct PMF calculation.,PMF; finite sums,none,S,low,G1,None.,
REF-002,NS24,1,RefreshChain,THEOREM,READY_TO_PROVE,DYNAMICS,PhysicsSM.NullStrand.Ergodic.RefreshChain,refreshKernel_meanZero_eigenvalue,"On mean-zero observables, the refresh Markov operator acts by multiplication by 1-r.",REF-001,REF-001,Expand operator action and use zero mean.,Finite functions; inner products,none,S,low,G1,Operator orientation mismatch.,
REF-003,NS24,1,RefreshChain,THEOREM,READY_TO_PROVE,DYNAMICS,PhysicsSM.NullStrand.Ergodic.RefreshChain,refreshKernel_absoluteGap_eq_r,The exact absolute spectral gap of the refresh chain is r for 0<r<=1.,REF-002; finite target support,REF-002,Explicit eigenspace decomposition into constants and mean-zero functions.,Finite-dimensional spectrum,spectral API optional; algebraic proof easier,M,low,G1,Calling it a spectral gap requires a precise project definition.,Define the gap operationally via L2 contraction before eigenvalue language.
REF-004,,1,RefreshChain,THEOREM,READY_TO_PROVE,DYNAMICS,PhysicsSM.NullStrand.Ergodic.RefreshChain,refreshKernel_directionCorrelation_eq_pow,Stationary direction correlations decay as (1-r)^n.,REF-002,REF-002,Conditional expectation iteration.,Finite expectation,none,M,low,G1,Initial law is not stationary.,State both conditional and stationary versions.
ERG-005,NS26,3,FiniteMarkovSLLN,LIBRARY_PROJECT,BLOCKED_ON_LIBRARY,ONTOLOGY,PhysicsSM.NullStrand.Ergodic.FiniteMarkovStrongLaw,finiteIrreducibleMarkov_empiricalMean_tendsto,Empirical averages for a finite irreducible aperiodic Markov chain converge almost surely to the stationary mean.,Finite chain; invariant law; irreducibility; aperiodicity,TRAJ-001,"Choose a proof route: regeneration/Doeblin coupling, shift ergodic theorem, or martingale Poisson equation.",Kernel irreducibility; ergodic dynamics; martingales,no turnkey finite Markov SLLN identified,XL,high,G3,The theorem balloons into a general probability-library project.,Not required for the first complete model; the i.i.d. endpoint already proves the ontology claim.
DEF-011,,3,SpectralGap,DEFINITION,STATEMENT_DESIGNED,DYNAMICS,PhysicsSM.NullStrand.Ergodic.SpectralGap,HasL2Contraction,A certificate that a Markov operator contracts the mean-zero L2 subspace by q<1.,Invariant probability law,REF-003,Use contraction rather than ambiguous gap conventions.,L2 finite functions; inner product,none,M,medium,G3,Definition becomes tied to reversibility unnecessarily.,Keep nonreversible absolute contraction separate from Poincare gap.
HOL-001,NS30,1,InternalHolonomy,THEOREM,READY_TO_PROVE,INTERPRETATION,PhysicsSM.NullStrand.Clock.InternalHolonomy,internalHolonomy_concat,Discrete path-ordered internal holonomy composes under path concatenation.,Finite path and ordered product,AUD-002,List/Fin ordered-product associativity.,Matrix multiplication; Fin products,none,S,low,G1,Product order convention is reversed.,
HOL-002,NS31,1,InternalHolonomy,THEOREM,READY_TO_PROVE,INTERPRETATION,PhysicsSM.NullStrand.Clock.InternalHolonomy,internalHolonomy_unitary_of_hermitian,Each finite holonomy factor and their ordered product are unitary when the mass/Yukawa generator is Hermitian.,Hermitian finite matrices; real step sizes,HOL-001,Use unitary matrix exponential and closure under products.,Matrix exponential; unitary matrices,exact matrix exponential theorem names,M,medium,G1,Mathlib API does not expose the needed unitary exponential wrapper.,An algebraic Cayley-step discretization is a fallback.
HOL-003,,2,InternalHolonomy,THEOREM,STATEMENT_DESIGNED,INTERPRETATION,PhysicsSM.NullStrand.Clock.InternalHolonomy,internalHolonomy_gaugeCovariant,Endpoint gauge transformations conjugate the path-ordered internal holonomy.,Gauge field and mass matrix transform compatibly,HOL-001,Telescoping cancellation across factors.,Matrix groups,none,M,medium,G2,The gauge action on Yukawa blocks is underspecified.,The theorem charter must name the representation spaces explicitly.
HOL-004,,4,OperationalClock,CONJECTURE,BLOCKED_ON_MODEL,INTERPRETATION,PhysicsSM.NullStrand.Clock.Operational,internalHolonomy_controls_recordedClock,A gauge-invariant relative holonomy controls an actual clock record or transition statistic.,A concrete readout coupling,HOL-002;HOL-003,No proof plan until the physical coupling is specified.,Finite quantum channels may suffice,missing physical theorem,XL,high,G4,Holonomy remains passive surplus structure.,Do not promote “phase beable is a clock” before this node is replaced by a precise theorem.
ENT-001,,1,Entanglement,DEFINITION,STATEMENT_DESIGNED,KINEMATIC,PhysicsSM.NullStrand.Entanglement.DirectionProjector,pureDirectionProjector,A unit Bloch direction maps to the corresponding rank-one qubit projector.,Unit vector in R3,AUD-002,Reuse banked spin-coherent projector theorem.,Matrix 2x2; PSD,existing module wrapper,S,low,G1,Normalization 1/2 is inconsistent.,
ENT-002,NS32,1,Entanglement,THEOREM,READY_TO_PROVE,NO_GO,PhysicsSM.NullStrand.Entanglement.ProductNullRepresentation,productDirectionMixture_isSeparable,Any finite positive mixture of product direction projectors is separable.,Finite convex combination,ENT-001,Unfold the project definition of separability.,Tensor products; convex combinations,quantum-state API may be custom,M,low,G1,The chosen separability definition is too weak or circular.,Begin with an explicitly finite convex-hull definition.
ENT-003,NS32,2,Entanglement,THEOREM,STATEMENT_DESIGNED,NO_GO,PhysicsSM.NullStrand.Entanglement.ProductNullRepresentation,separableQubitState_has_productDirectionMixture,Every finitely separable multi-qubit state has a finite product-direction representation.,Separability defined using pure product qubit states,ENT-001;ENT-002,Represent each pure qubit ray by a Bloch direction.,Qubit pure-state/Bloch equivalence,pure-state parametrization glue,M,medium,G2,Separable decomposition includes mixed local factors.,Either refine the definition or first prove a local spectral decomposition theorem.
ENT-004,NS33,2,Entanglement,NO_GO,READY_AFTER_DEPS,NO_GO,PhysicsSM.NullStrand.Entanglement.SeparabilityObstruction,entangledState_has_no_localPositiveProductNullRepresentation,An entangled state has no positive local product-null representation.,ENT-002; standard definition of entangled,ENT-002,Contrapositive of ENT-002.,Logic only,none,XS,low,G2,None.,
DEF-012,,2,Synchronization,DEFINITION,STATEMENT_DESIGNED,DYNAMICS,PhysicsSM.NullStrand.Synchronization.HiddenRule,HiddenTransportRule,"A named rule assigning hidden-state kernels to quantum states and local updates, with equivariance and covariance contracts.",Finite hidden state for the pilot,DEF-006,"Package rule, target equilibrium, and proof obligations.",FiniteKernel,none,M,medium,G2,The rule is so general that every theorem is tautological.,"Create concrete substructures: redraw, least-action, Bell-minimal."
SYNC-001,NS34,2,Synchronization,DEFINITION,READY_TO_PROVE,DYNAMICS,PhysicsSM.NullStrand.Synchronization.DiamondDefect,synchronizationDiamondDefect,Difference between the two hidden kernels around a spacelike update diamond.,DEF-012; commuting quantum updates,DEF-012,Define two kernel compositions with state-updated rule arguments.,Finite kernel composition,none,S,low,G2,State-update convention is ambiguous.,Store intermediate quantum states explicitly in the definition.
SYNC-002,NS34,2,Synchronization,THEOREM,READY_TO_PROVE,DYNAMICS,PhysicsSM.NullStrand.Synchronization.DiamondDefect,defect_eq_zero_iff_orderIndependent,The defect vanishes exactly when the two hidden transports agree extensionally.,SYNC-001,SYNC-001,Definition unfolding and kernel extensionality.,PMF extensionality,none,S,low,G2,None.,
SYNC-003,,2,Synchronization,THEOREM,STATEMENT_DESIGNED,DYNAMICS,PhysicsSM.NullStrand.Synchronization.FlatConnection,flat_on_diamonds_implies_pathIndependent,"On a finite simply connected cut complex, zero diamond defect implies path-independent hidden transport.",A presentation of paths by elementary diamond swaps,SYNC-002,Induction over path homotopies / rewriting system.,Finite category or rewriting,cut-complex/path-homotopy infrastructure,L,high,G3,Diamond moves do not generate all path equivalences.,This is the correct finite analogue of flat synchronization curvature.
SYNC-004,,2,SynchronizationPilot,COMPUTATION,STATEMENT_DESIGNED,DYNAMICS,PhysicsSM.NullStrand.Synchronization.BellPairPilot,bellPair_redrawRule_defect,Compute the synchronization defect for a Bell pair under a final-state redraw rule.,Explicit Bell state and commuting local gates,SYNC-001,Use finite exact matrices and native_decide/norm_num where possible.,Matrix 4x4; finite PMFs,concrete rule design,M,medium,G2,The redraw rule is trivially flat and therefore uninformative.,"This is a sanity baseline, not the decisive pilot."
SYNC-005,NS35,2,SynchronizationPilot,COMPUTATION,BLOCKED_ON_MODEL,DYNAMICS,PhysicsSM.NullStrand.Synchronization.BellPairPilot,bellPair_leastActionRule_defect,Compute the Bell-pair defect for a specified least-action or minimal-transport hidden rule.,"Concrete hidden state, cost, tie-breaker, and local gates",LA-003;SYNC-001,Enumerate exact rational/algebraic kernels; compare compositions.,Finite optimization; exact matrices,rule/tie-breaker not yet fixed,L,high,G3,Different admissible rules give different curvature.,"The result tests a rule, not entanglement in the abstract."
SYNC-006,NS36,3,Synchronization,CONJECTURE,DO_NOT_STATE_AS_THEOREM,NO_GO,PhysicsSM.NullStrand.Synchronization.Curvature,entanglement_forces_curvature_under_axioms,"Under explicit locality, positivity, covariance, and regularity axioms, entanglement forces nonflat hidden transport.",Axioms not yet identified,ENT-004;SYNC-003,First search for counterexamples among positive nonlocal flat rules.,No established library issue,missing correct theorem,XL,very high,G4,A positive flat nonlocal rule is exhibited.,Replace the old unconditional iff conjecture with a quantified theorem-search program.
BELL-001,NS37,2,BellQFT,THEOREM,READY_TO_PROVE,DYNAMICS,PhysicsSM.NullStrand.BellQFT.FiniteCurrent,quantumCurrent_antisymm,"For self-adjoint H and orthogonal configuration projectors, the finite Bell current is antisymmetric.",Finite-dimensional complex Hilbert space,DEF-007,Conjugate symmetry and self-adjointness.,Matrix adjoint; Complex.im,none,M,low,G2,Projector multiplication/order conventions are wrong.,Start with coordinate projectors on a finite basis; abstract Hilbert version later.
BELL-002,,2,BellQFT,THEOREM,READY_TO_PROVE,DYNAMICS,PhysicsSM.NullStrand.BellQFT.FiniteCurrent,zeroBornWeight_implies_noOutgoingCurrent,"If a configuration has zero Born weight, all current terms sourced there vanish.",Positive semidefinite rank-one state density,BELL-001,Zero norm of projected state implies projected vector is zero.,Inner-product norm,none,S,low,G2,"Born weight is represented only as a real part, obscuring norm zero.",This is the denominator-safety lemma for minimal Bell rates.
BELL-003,NS38,2,BellQFT,THEOREM,READY_TO_PROVE,DYNAMICS,PhysicsSM.NullStrand.BellQFT.MinimalRates,minimalBellRates_masterEquation,Positive-part Bell rates reproduce the finite quantum continuity equation.,BELL-001; BELL-002,BELL-001;BELL-002,Pair antisymmetric currents and cancel positive/negative parts.,Finite sums,none,M,low,G2,Factor 2/hbar convention mismatch.,
BELL-004,NS40,2,BellQFT,THEOREM,READY_TO_PROVE,DYNAMICS,PhysicsSM.NullStrand.BellQFT.Support,operatorBlockZero_implies_rateZero,If Pq H Pq_prime=0 then the Bell current and minimal rate between q and q_prime vanish.,BELL-001,BELL-001,Substitute zero block into current; positive part of zero.,Matrix algebra,none,S,low,G2,None.,
BELL-005,NS39,2,BellQFT,CONDITIONAL_THEOREM,STATEMENT_DESIGNED,EQUIVARIANCE,PhysicsSM.NullStrand.BellQFT.FockCutoff,finiteFockNullLift_forwardEquation,A finite Fock-sector Bell generator plus destination direction laws preserves the extended Born law.,Finite sector cutoff; BELL-003; LIFT-003,BELL-003;LIFT-003,Treat sector change as a base jump and apply the generic lift.,Finite sums; Sum types,none,L,medium,G3,Creation direction laws are not measurable/normalized in the chosen API.,Forward equation only; actual continuous-time path existence is separate.
BELL-006,,3,BellQFTPath,LIBRARY_PROJECT,BLOCKED_ON_LIBRARY,ONTOLOGY,PhysicsSM.NullStrand.BellQFT.PathConstruction,finiteBoundedBellJumpProcess_exists,A bounded finite time-dependent Bell generator determines a nonexplosive càdlàg jump process.,Bounded measurable rates,BELL-003,"Construct exponential waiting times and embedded jump chain, or import a future CTMC API.",Exponential distribution; Ionescu-Tulcea,no turnkey CTMC construction identified,XL,high,G3,Path construction becomes a standalone probability formalization.,Not needed for the discrete-time Gate G1 model.
DEF-013,,2,GraphOperator,DEFINITION,STATEMENT_DESIGNED,NEW_PHYSICS_GATE,PhysicsSM.NullStrand.Graph.NullContinuation,IsPrimitiveNullContinuation,"A relation classifying allowed propagation, local internal flips, and local creation/annihilation events.",Concrete finite graph/configuration type,AUD-002,Separate propagation edges from same-vertex internal events in an inductive predicate.,Finite relations,none,M,medium,G2,The relation labels local flips as “null motion” ambiguously.,The ontology claim should say spacetime-changing continuations are null; internal events have zero displacement.
GRAPH-001,NS40,2,GraphOperator,THEOREM,READY_TO_PROVE,NEW_PHYSICS_GATE,PhysicsSM.NullStrand.Graph.BellSupport,operatorSupport_implies_bellCurrentSupport,Operator block support on primitive continuations implies Bell current/rate support on those continuations.,DEF-013; BELL-004,DEF-013;BELL-004,Direct support transfer.,Matrix support,none,S,low,G2,None; intentionally simple.,
GRAPH-002,,2,GraphOperator,THEOREM,READY_TO_PROVE,NEW_PHYSICS_GATE,PhysicsSM.NullStrand.Graph.Support,support_square_subset_relComp,The support of D^2 is contained in the two-step relational closure of the support of D.,Finite matrix D supported on relation R,DEF-013,Expand matrix multiplication and witness an intermediate state.,Matrix mul_apply; Finset,none,S,low,G2,"Cancellation can make support smaller, never larger.",This corrects the misconception that a local first-order operator has a nearest-neighbor square.
GRAPH-003,,2,LayeredWalkOperator,THEOREM,STATEMENT_DESIGNED,NEW_PHYSICS_GATE,PhysicsSM.NullStrand.Graph.LayeredWalk,checkerboardOperator_supportedOnNullContinuations,The concrete 1+1 checkerboard first-order step operator has exactly null propagation support plus local coin mixing.,ZZ-006; concrete operator decomposition,ZZ-006;DEF-013,Inspect matrix blocks for shift and coin factors.,Finite matrices,none,M,medium,G2,One-step unitary mixes coin and shift so block support is misclassified.,This is the first non-tautological operator-support instance.
GRAPH-004,NS41,4,SuperDiracSymbol,CONJECTURE,BLOCKED_ON_MODEL,NEW_PHYSICS_GATE,PhysicsSM.NullStrand.Graph.Symbol,superDirac_commutator_eq_localNullSlash,The graph super-Dirac commutator with scalar multiplication has local symbol equal to a weighted null slash.,"Concrete order-complex operator, edge spinors, soldering map",AUD-002;DEF-013,"Construct D first; compute [D,Mf]; identify coefficients with edge momenta.",Cochains; matrices; banked Dirac slash,missing concrete operator/soldering theorem,XL,very high,G4,No natural coefficient map produces the null slash.,This is the central interpretation-to-theory gate.
GRAPH-005,NS42,4,SuperDiracSymbol,CONDITIONAL_THEOREM,BLOCKED_ON_MODEL,NEW_PHYSICS_GATE,PhysicsSM.NullStrand.Graph.Symbol,localNullSymbol_sq_eq_weightedPluckerMass,The squared local null symbol equals the weighted Pluecker mass scalar.,GRAPH-004; banked bundle Dirac-Pluecker theorem,GRAPH-004;AUD-002,Compose the symbol identification with the static square-root theorem.,Existing Pluecker/Dirac modules,none after GRAPH-004,S,high,G4,Weights or momentum aggregation differ from the banked theorem.,
GRAPH-006,NS43,4,SuperDirac,CONJECTURE,BLOCKED_ON_MODEL,NEW_PHYSICS_GATE,PhysicsSM.NullStrand.Graph.SuperDirac,superDirac_supportedOnPrimitiveContinuations,The concrete causal super-Dirac operator has only null propagation and local internal-event support.,Concrete D_total,DEF-013;GRAPH-004,"Inspect each block: covariant differential, codifferential, Higgs/Yukawa.",Finite matrices; cochains,operator not yet fixed,L,very high,G4,Covariant codifferential or effective causal-set term is nonlocal.,A failure here means the graph theory no longer has strictly null primitive spacetime continuations.
GRAPH-007,,3,SuperDirac,CONDITIONAL_THEOREM,REPORTED_EXISTING,NEW_PHYSICS_GATE,PhysicsSM.NullStrand.Graph.SuperDirac,superDirac_sq_decomposition,"The abstract block square decomposes into Laplacian, curvature/cross, and Higgs/Yukawa blocks.",Banked draft modules; convention audit,AUD-002,Audit and wrap existing algebra; no new physics claim.,Matrix block algebra,semantic review,M,medium,G3,Existing theorem double-counts kinetic and Yukawa mass.,On-shell equality is a constraint; determinant and Phi†Phi are not additive mass terms.
GRAPH-008,NS44,5,CausalSetAudit,AUDIT,STATEMENT_DESIGNED,NEW_PHYSICS_GATE,PhysicsSM.NullStrand.Graph.LocalityAudit,causalOperator_propertyMatrix,"Each candidate operator is classified by null support, intrinsic locality, retardedness, covariance in law, stability, and continuum convergence.",Concrete candidate definitions,GRAPH-002,Formalize properties separately; do not assume a blanket no-go.,Finite relations; asymptotic statements later,continuum convergence formalization,L,high,G5,The property vocabulary cannot compare regular graphs and causal sets coherently.,"Current literature includes both established nonlocal operators and a recent local proposal, so this must remain an audit."
DEF-014,,4,NullDilation,DEFINITION,STATEMENT_DESIGNED,NEW_PHYSICS_GATE,PhysicsSM.NullStrand.Graph.NullDilation,NullLocalDilation,An enlarged hidden-state first-order operator with null support whose projected square realizes an effective operator.,Finite effective operator L,GRAPH-002,"Define embed, project, lifted D, support, and realization equation.",Linear maps; matrices,none finite,M,medium,G4,The realization equation is too weak and admits trivial encodings.,"Add dimensional, locality, covariance, and naturality constraints before interpreting a positive result."
GRAPH-009,,5,NullDilation,CONJECTURE,BLOCKED_ON_MODEL,NEW_PHYSICS_GATE,PhysicsSM.NullStrand.Graph.NullDilation,continuumCorrectBox_has_naturalNullDilation,A selected continuum-correct causal operator admits a natural covariant null-local dilation.,A concrete causal-set box and naturality axioms,DEF-014;GRAPH-008,Search finite truncations first; formulate either construction or no-go.,No ready library path,missing correct theorem,XL,very high,G5,Only artificial state-space blowups satisfy the definition.,This is a sharper open question than “local lattice versus nonlocal causal set”.
DEF-015,,3,ContinuumAnalysis,DEFINITION,STATEMENT_DESIGNED,DYNAMICS,PhysicsSM.NullStrand.Continuum.SpectralCertificate,HasSpectralGap,A named L2/Poincare or semigroup-contraction certificate with explicit invariant measure and constant.,A closed generator/Markov semigroup,DEF-011,"Separate reversible Poincare gap, absolute contraction, and time-dependent mixing.",InnerProductSpace; semigroups if available,general Markov semigroup API,L,high,G3,One definition is stretched across incompatible settings.,Use multiple structures rather than one overloaded “gap”.
CONT-001,,3,ContinuumLeastAction,CONDITIONAL_THEOREM,READY_TO_PROVE_ABSTRACT,DYNAMICS,PhysicsSM.NullStrand.Continuum.AbstractPoisson,coerciveWeightedPoisson_exists_unique,"In an abstract Hilbert space, a bounded coercive bilinear form has a unique weak solution.",Complete real inner-product space; coercive form,AUD-001,Wrap mathlib Lax-Milgram with the project’s source/zero-mean notation.,Analysis.InnerProductSpace.LaxMilgram,none abstractly,M,low,G3,The wrapper accidentally claims a sphere PDE instance.,This can be completed now and cleanly separates library theorem from geometric instantiation.
CONT-002,,4,ContinuumLeastAction,LIBRARY_PROJECT,BLOCKED_ON_LIBRARY,DYNAMICS,PhysicsSM.NullStrand.Continuum.SpherePoisson,sphereWeightedPoisson_exists_unique,The weighted angular Poisson problem on S^2 has a unique zero-mean weak solution under uniform positive bounds.,Sobolev space on sphere; Poincare inequality; bounded weight,CONT-001;MEA-001,Instantiate Lax-Milgram on a quotient/zero-mean Sobolev space.,Lax-Milgram; manifold/sphere API,Sobolev-on-manifold and weak gradient infrastructure,XL,very high,G4,Required analysis is absent or too costly for the physics payoff.,Finite graph least action remains the certified substitute.
CONT-003,NS27,4,SphereDiffusion,CONDITIONAL_THEOREM,BLOCKED_ON_MODEL,DYNAMICS,PhysicsSM.NullStrand.Continuum.SphereDiffusion,restSphere_directionCorrelation_eq_exp,"For homogeneous rotational diffusion on S^2, l=1 direction correlation decays as exp(-2Ds).",A constructed sphere diffusion semigroup and coordinate eigenfunction theorem,DEF-015,"Prove coordinate functions are eigenfunctions of the generator, then semigroup action.",Sphere Laplacian; semigroup,sphere diffusion/Laplacian API,XL,very high,G4,No formal diffusion process or generator exists in the project.,Do not name the theorem “Compton locked” until D=alpha m is separately assumed or derived.
CONT-004,NS27,4,SphereDiffusion,CONJECTURE,DO_NOT_STATE_AS_THEOREM,DYNAMICS,PhysicsSM.NullStrand.Continuum.SphereDiffusion,massOperator_derives_directionMixingScale,The Dirac/Yukawa mass operator fixes the angular mixing scale D=alpha m with a derived alpha.,A microscopic operator coupling hidden direction to chirality,GRAPH-004;CONT-003,Derive generator from operator rather than postulate it.,No existing formal route,missing physical theorem,XL,very high,G5,Alpha remains arbitrary or state-dependent.,This is the real mass-as-dynamics claim.
CONT-005,,4,ContinuumProcess,CONDITIONAL_THEOREM,BLOCKED_ON_LIBRARY,ONTOLOGY,PhysicsSM.NullStrand.Continuum.Process,angularProcess_exists_nonexplosive,The state-dependent sphere process exists globally and is nonexplosive away from named singular sets.,"Regularity, ellipticity, bounded coefficients, node avoidance",CONT-002;DEF-015,Use SDE/martingale-problem theory after infrastructure exists.,Brownian motion basics only,manifold SDE and nonexplosion infrastructure,XL,very high,G4,The assumptions exclude physically important nodes/massless limits.,State the excluded set and stopping-time version explicitly.
MASTER-001,NS45,1,MasterFiniteIID,THEOREM,READY_AFTER_DEPS,ONTOLOGY,PhysicsSM.NullStrand.Master.FiniteIID,finiteIIDNullStrand_master,"There exists a finite model whose every primitive increment is null, whose position law is exactly specified, and whose single realized coarse velocity converges almost surely to a prescribed timelike U.",Finite null resolution and iid sampling,KIN-004;TRAJ-001;ERG-002,"Package octahedral resolution, product trajectory law, nullity, and strong law.",PMF; Ionescu-Tulcea or product measure; StrongLaw,none,M,low,G1,The model is only kinematic and is mislabeled as Bohm-Bell dynamics.,Call it the finite IID null-strand model; it establishes the ontology/coarse-graining possibility cleanly.
MASTER-002,,1,MasterCheckerboard,THEOREM,READY_AFTER_DEPS,ONTOLOGY,PhysicsSM.NullStrand.Master.Checkerboard,checkerboardBohmBell_master,"The 1+1 lattice model has unitary wave evolution, exact Born equivariance, an actual trajectory, and null motion at every tick.",Banked checkerboard dynamics; ZZ-006 through ZZ-009; trajectory measure,ZZ-006;ZZ-007;ZZ-008;ZZ-009;TRAJ-001,Package the exact discrete model.,Finite kernels; checkerboard modules,none,M,medium,G1,Infinite trajectory construction is omitted.,This is the first genuinely pilot-wave/Bohmian capstone.
MASTER-003,,2,MasterFiniteLift,CONDITIONAL_THEOREM,READY_AFTER_DEPS,ONTOLOGY,PhysicsSM.NullStrand.Master.FiniteLift,finiteEquivariantNullLift_master,Any finite causal base process with a chosen null resolution admits an exact equivariant hidden null-direction lift.,Base forward equation; positive finite resolutions; residual compatibility,LIFT-003;TRAJ-001,Package the generic lift and marginal theorem; pathwise mixing remains separate.,Finite generators/kernels,continuous-time path if claimed,L,medium,G2,The theorem is presented as a unique dynamics rather than an unravelling family.,State nonuniqueness explicitly in the theorem commentary.
MASTER-004,NS46,4,MasterOneParticleContinuum,CONDITIONAL_THEOREM,BLOCKED_ON_LIBRARY,ONTOLOGY,PhysicsSM.NullStrand.Master.OneParticleContinuum,oneParticleCovariantNullStrand_master,"A covariant one-particle continuum process has null sample paths, the correct flux/Born marginal, and a pathwise timelike coarse limit.",MEA-003; MEA-006; CONT-005; a spectral/mixing certificate,MEA-003;MEA-006;CONT-005;DEF-015,"Assemble measure, process existence, equivariance, and ergodic theorem.",Measure theory; stochastic processes,multiple major gaps,XL,very high,G4,Any hypothesis simply assumes the desired process or mixing.,Keep this theorem conditional with every analytic assumption visible.
MASTER-005,NS46,4,MasterFoliatedManyBody,CONDITIONAL_THEOREM,BLOCKED_ON_MODEL,ONTOLOGY,PhysicsSM.NullStrand.Master.FoliatedManyParticle,foliatedManyParticleNullStrand_master,"Given hypersurface continuity, conditional-current resolutions, jump-process existence, and mixing, the many-particle foliated theory is equivariant with null spacetime-changing tangents.",Explicit foliation; multi-time wavefunction; analytic certificates,BELL-005;ENT-004;DEF-015,Build only after the finite Fock model and synchronization framework are stable.,No turnkey multi-time Dirac/QFT infrastructure,major physics and analysis gaps,XL,very high,G4,The theorem hides the foliation as an “assumption” without specifying its covariance law.,A fixed or state-generated foliation must be a named input structure.
MASTER-006,NS47,5,MasterGraphDerived,CONDITIONAL_THEOREM,BLOCKED_ON_MODEL,NEW_PHYSICS_GATE,PhysicsSM.NullStrand.Master.GraphDerived,causalSuperDirac_master,"A concrete first-order graph operator with null support, correct square, and controlled scaling induces null-supported Bell histories and the desired continuum observables.",GRAPH-004 through GRAPH-009 plus Bell current machinery,GRAPH-004;GRAPH-005;GRAPH-006;GRAPH-007;GRAPH-008;BELL-003,Assemble only after one concrete operator passes every audit.,Finite operator algebra plus external scaling theory,central open research gate,XL,very high,G5,"The operator cannot satisfy support, covariance, and continuum correctness simultaneously.",Only this gate upgrades the program from an interpretation/unravelling to candidate new dynamics.
